Model_storage_and_carrier,Price
Apple iPhone 8 64GB Black GSM Unlock | C,Sale price$ 169.00
Apple iPhone 8 64GB Black T-Mobile | B,Sale price$ 170.00
Apple iPhone 8 Plus 64GB Gold T-Mobile | C,Sale price$ 269.00
Apple iPhone 7 Plus 32GB Black Metro | B,Sale priceFrom $ 189.00
Apple iPhone 7 Plus 32GB Black Cricket | B,Sale priceFrom $ 189.00
Apple iPhone 7 Plus 32GB Rose Gold Xfinity | B,Sale price$ 189.00
Apple iPhone 8 256GB Gold GSM&CDMA Unlock | B,Sale price$ 212.00
Apple iPhone 7 32GB Black GSM Unlock | B,Sale price$ 125.00
Apple iPhone 7 32GB Gold T-Mobile | B,Sale price$ 120.00
Apple iPhone 7 128GB Jet Black Cricket | C,Sale price$ 145.00
Apple iPhone XR 64GB White GSM&CDMA Unlock | A,Sale price$ 299.00
Apple iPhone XR 64GB Red CDMA&GSM Unlocked | A,Sale price$ 299.00
Apple iPhone 11 Pro Max 256GB Gray GSM&CDMA Unlocked | B,Sale price$ 839.00
Apple iPhone Xs Max 64GB Gold GSM&CDMA Unlock | A,Sale price$ 495.00
Apple iPhone 7 Plus 32GB Silver Cricket | B,Sale price$ 189.00
Apple iPhone 7 32GB Rose Gold T-Mobile | B,Sale price$ 120.00
Apple iPhone Xr 64GB White T-Mobile | A,Sale priceFrom $ 350.00
Apple iPhone 12 Pro Max 128GB UScellular | A,Sale price$ 849.00
Apple iPhone 7 32GB Silver Verizon | A,Sale price$ 119.00
Apple iPhone X 64GB Black GSM Unlock | A,Sale price$ 349.00
Apple iPhone 7 Plus 32GB Black Xfinity | B,Sale price$ 189.00
Apple iPhone 12 64GB Blue Xfinity | A,Sale price$ 645.00
Apple iPhone X 64GB Black Xfinity | B,Sale price$ 289.00
Apple iPhone 11 Pro Max 256GB Green GSM&CDMA Unlocked | B,Sale price$ 839.00
